email,Recipient Name,College Name,Event Name
nagellilohitha1@gmail.com,Nagelli Lohitha,"UCETW, Kakatiya University",AlgoHack 1.0
vikasniklakhi@gmail.com,Vikasni K Lakhi Kuchana,"UCETW, Kakatiya University",AlgoHack 1.0
mohammadsalma238@gmail.com,Mohammad Salma,"UCETW, Kakatiya University",AlgoHack 1.0
sravanreddychalla609@gmail.com,Sravan Reddy,MVSR Engineering College,AlgoHack 1.0
sarikagoudpalepally@gmail.com,Subhedhari Kiran,DRK College of Engineering and Technology,AlgoHack 1.0
chikilerakeshvarma2004@gmail.com,Rakesh,DRK College of Engineering and Technology,AlgoHack 1.0
24wh1a05x0@bvrithyderabad.edu.in,Amulya Munugoti,BVRIT Hyderabad College of Engineering for Women,AlgoHack 1.0
24wh1a05w5@bvrithyderabad.edu.in,Harshita Damera,BVRIT Hyderabad College of Engineering for Women,AlgoHack 1.0
24wh1a05y3@bvrithyderabad.edu.in,Geethika Seelam,BVRIT Hyderabad College of Engineering for Women,AlgoHack 1.0
22wh1a05b4@bvrithyderabad.edu.in,S. Samanvitha,BVRIT Hyderabad College of Engineering for Women,AlgoHack 1.0
22wh1a0567@bvrithyderabad.edu.in,Ch. Sai Vidya,BVRIT Hyderabad College of Engineering for Women,AlgoHack 1.0
22wh1a0595@bvrithyderabad.edu.in,M. Bhavika,BVRIT Hyderabad College of Engineering for Women,AlgoHack 1.0
24wh5a0502@bvrithyderabad.edu.in,Keerthi Bamini,BVRIT Hyderabad College of Engineering for Women,AlgoHack 1.0
24wh5a0503@bvrithyderabad.edu.in,Nikhitha Chidhirala,BVRIT Hyderabad College of Engineering for Women,AlgoHack 1.0
25wh1a0571@bvrithyderabad.edu.in,Pranavi Rao,BVRIT Hyderabad College of Engineering for Women,AlgoHack 1.0
25wh1a05b0@bvrithyderabad.edu.in,R Vasishta Sri Teja,BVRIT Hyderabad College of Engineering for Women,AlgoHack 1.0
25wh1a05b2@bvrithyderabad.edu.in,M Sri Hanu Bhavya,BVRIT Hyderabad College of Engineering for Women,AlgoHack 1.0
22wh1a05g9@bvrithyderabad.edu.in,Sravya Majety,BVRIT Hyderabad College of Engineering for Women,AlgoHack 1.0
22wh1a05f1@bvrithyderabad.edu.in,Praneeta Pericherla,BVRIT Hyderabad College of Engineering for Women,AlgoHack 1.0
2wh1a05i6@bvrithyderabad.edu.in,Shynitha Medaji,BVRIT Hyderabad College of Engineering for Women,AlgoHack 1.0
25wh1a05w8@bvrithyderabad.edu.in,Akshitha Dumala,BVRIT Hyderabad College of Engineering for Women,AlgoHack 1.0
25wh1a0579@bvrithyderabad.edu.in,N.Vyshnavi,BVRIT Hyderabad College of Engineering for Women,AlgoHack 1.0
pnandumail@gmail.com,Peeta Nandita,BVRIT Hyderabad College of Engineering for Women,AlgoHack 1.0
vibhootibhavani07@gmail.com,Vibhoothi Bhavani,BVRIT Hyderabad College of Engineering for Women,AlgoHack 1.0
habeebaruby@gmail.com,Umme Habeeba,BVRIT Hyderabad College of Engineering for Women,AlgoHack 1.0
parellatejguru@gmail.com,Tej guru,Keshav Memorial Institute of Technology,AlgoHack 1.0
chbhargavi121@gmail.com,Cheera Bhargavi,Keshav Memorial Institute of Technology,AlgoHack 1.0
poojalaboddula75@gmail.com,Pooja Boddula,Keshav Memorial Institute of Technology,AlgoHack 1.0
24wh1a05af@bvrithyderabad.edu.in,P.Sowmya,BVRIT Hyderabad College of Engineering for Women,AlgoHack 1.0
24wh1a05bt@bvrithyderabad.edu.in,Charvi Parmar,BVRIT Hyderabad College of Engineering for Women,AlgoHack 1.0
24wh1a05ad@bvrithyderabad.edu.in,P. Sneha,BVRIT Hyderabad College of Engineering for Women,AlgoHack 1.0
mleelasri336@gmail.com,MUTHYALA LEELA SRI,St. Peter’s Engineering College,AlgoHack 1.0
munazzamaryam7@gmail.com,Syeda Munazza Maryam,St. Peter’s Engineering College,AlgoHack 1.0
Nigelbarton14383@gmail.com,Nigel Babiano Barton,St. Peter’s Engineering College,AlgoHack 1.0
marrihemanth2006@gmail.com,Hemanth Marri,Gokaraju Rangaraju Institute of Engineering & Technology,AlgoHack 1.0
tarunbonu547@gmail.com,Bonu Tarun,Gokaraju Rangaraju Institute of Engineering & Technology,AlgoHack 1.0
akshaym6176@gmail.com,M. Akshay Kumar,Gokaraju Rangaraju Institute of Engineering & Technology,AlgoHack 1.0
24bk1a05d1@stpetershyd.com,Sontireddy Akshaya Kranthi,St. Peter’s Engineering College,AlgoHack 1.0
24bk1a0584@stpetershyd.com,Chintha Trideepa,St. Peter’s Engineering College,AlgoHack 1.0
24bk1a05a6@stpetershyd.com,Manashi Chakraborty,St. Peter’s Engineering College,AlgoHack 1.0
manishbollikonda318@gmail.com,Manish Bollikonda,Gokaraju Rangaraju Institute of Engineering & Technology,AlgoHack 1.0
muppidiashrithajagadeshwar@gmail.com,Muppidi Ashritha,Gokaraju Rangaraju Institute of Engineering & Technology,AlgoHack 1.0
25wh1a05bm@bvrithyderabad.edu.in,Byri Shravya,BVRIT Hyderabad College of Engineering for Women,AlgoHack 1.0
25wh1a05bx@bvrithyderabad.edu.in,Pamu Sonika,BVRIT Hyderabad College of Engineering for Women,AlgoHack 1.0
25wh1a0563@bvrithyderabad.edu.in,Guggilla Chandana,BVRIT Hyderabad College of Engineering for Women,AlgoHack 1.0
prachethm350@gmail.com,Pracheth Miriyala,IIT Madras,AlgoHack 1.0
anikethalla@gmail.com,Alla Aniketh,IIT Madras,AlgoHack 1.0
abhikoteru@gmail.com,Koteru Abhiram Reddy,IIT Madras,AlgoHack 1.0
24wh1a05v3@bvrithyderabad.edu.in,Diddala Tara Jyothi,BVRIT Hyderabad College of Engineering for Women,AlgoHack 1.0
25wh5a0535@bvrithyderabad.edu.in,B.Abhinayasri,BVRIT Hyderabad College of Engineering for Women,AlgoHack 1.0
25wh5a0511@bvrithyderabad.edu.in,K.Jhosna,BVRIT Hyderabad College of Engineering for Women,AlgoHack 1.0
24wh1a6647@bvrithyderabad.edu.in,Molmuri Pranavi,BVRIT Hyderabad College of Engineering for Women,AlgoHack 1.0
24wh1a6649@bvrithyderabad.edu.in,Revathi Kanchu,BVRIT Hyderabad College of Engineering for Women,AlgoHack 1.0
brahmani.13rm@gmail.com,Sesetti Brahmani,BVRIT Hyderabad College of Engineering for Women,AlgoHack 1.0
ujwalapreethika8@gmail.com,Maturi Ujwala Preethika,BVRIT Hyderabad College of Engineering for Women,AlgoHack 1.0
25wh1a0558@bvrithyderabad.edu.in,Fatum Fatima,BVRIT Hyderabad College of Engineering for Women,AlgoHack 1.0
25wh1a6665@bvrithyderabad.edu.in,G.Indu Shivani,BVRIT Hyderabad College of Engineering for Women,AlgoHack 1.0
25wh1a05w4@bvrithyderabad.edu.in,K.Veda Sri,BVRIT Hyderabad College of Engineering for Women,AlgoHack 1.0
24wh1a05r4@bvrithyderabad.edu.in,Deexitha Bekkam,BVRIT Hyderabad College of Engineering for Women,AlgoHack 1.0
24wh1a05av@bvrithyderabad.edu.in,S.Sahasra,BVRIT Hyderabad College of Engineering for Women,AlgoHack 1.0
24wh1a05q7@bvrithyderabad.edu.in,J.Hasini Sai,BVRIT Hyderabad College of Engineering for Women,AlgoHack 1.0
24wh1a6640@bvrithyderabad.edu.in,Thota Shivasri,BVRIT Hyderabad College of Engineering for Women,AlgoHack 1.0
vuppalakomalnath@gmail.com,Komalnath Vuppala,Holy Mary Institute of Technology and Science,AlgoHack 1.0
deshettiwarmanasa@gmail.com,Manasa Deshettywar,Holy Mary Institute of Technology and Science,AlgoHack 1.0
24wh1a05t9@bvrithyderabad.edu.in,N.Akshaya,BVRIT Hyderabad College of Engineering for Women,AlgoHack 1.0
24wh1a05w7@bvrithyderabad.edu.in,Tasbiya Shafeen,BVRIT Hyderabad College of Engineering for Women,AlgoHack 1.0
sailasya0107@gmail.com,K.Sai Lasya,Geethanjali College of Engineering and Technology,AlgoHack 1.0
kattaashwitha2978@gmail.com,Katta Ashwitha,Geethanjali College of Engineering and Technology,AlgoHack 1.0
asini7259@gmail.com,Enishetty Asini,Geethanjali College of Engineering and Technology,AlgoHack 1.0
nikhithakamandla@gmail.com,Nikhitha Kamandla,Institute of Aeronautical Engineering,AlgoHack 1.0
keerthanachekuri10@gmail.com,Keerthana Chekuri,Institute of Aeronautical Engineering,AlgoHack 1.0
meghavathanitha1210@gmail.com,Anitha Meghavath,Institute of Aeronautical Engineering,AlgoHack 1.0
jogihemalatha114@gmail.com,Hemalatha Jogi,Institute of Aeronautical Engineering,AlgoHack 1.0
kurapatimanisha7@gmail.com,Manisha Kurapati,Institute of Aeronautical Engineering,AlgoHack 1.0
25wh1a6678@bvrithyderabad.edu.in,Tanmaya Sree,BVRIT Hyderabad College of Engineering for Women,AlgoHack 1.0
25wh1a66c2@bvrithyderabad.edu.in,Annu Rama Vaishnavi,BVRIT Hyderabad College of Engineering for Women,AlgoHack 1.0
25wh1a6695@bvrithyderabad.edu.in,Srinija Reddy,BVRIT Hyderabad College of Engineering for Women,AlgoHack 1.0
varshithrachuri@gmail.com,R.Varshith,Geethanjali College of Engineering and Technology,AlgoHack 1.0
naveen.iit1@gmail.com,K.Chenchu Naveen,Geethanjali College of Engineering and Technology,AlgoHack 1.0
chandacharith@gmail.com,Ch.Charith,Sreyas Institute of Engineering and Technology,AlgoHack 1.0
22wh1a05h9@bvrithyderabad.edu.in,Oppula Srihitha,BVRIT Hyderabad College of Engineering for Women,AlgoHack 1.0
22wh1a05g6@bvrithyderabad.edu.in,Khyyati Vegiraju,BVRIT Hyderabad College of Engineering for Women,AlgoHack 1.0
22wh1a05i0@bvrithyderabad.edu.in,Konderu Nandhini,BVRIT Hyderabad College of Engineering for Women,AlgoHack 1.0
25wh1a6686@bvrithyderabad.edu.in,Bingi Bhavyasri,BVRIT Hyderabad College of Engineering for Women,AlgoHack 1.0
25wh1a66a4@bvrithyderabad.edu.in,Badike Saathvika,BVRIT Hyderabad College of Engineering for Women,AlgoHack 1.0
premsairapelli66@gmail.com,Rapelli Premsai,Vasavi College of Engineering,AlgoHack 1.0
mohammedtameemalam@gmail.com,Tameem alam,Lords Institute of Engineering & Technology,AlgoHack 1.0
mdzayed010@gmail.com,Mohammed zaid,Lords Institute of Engineering & Technology,AlgoHack 1.0
23wh1a0520@bvrithyderabad.edu.in,Chinari Nenawat,BVRIT Hyderabad College of Engineering for Women,AlgoHack 1.0
23wh1a0554@bvrithyderabad.edu.in,V.Akhila,BVRIT Hyderabad College of Engineering for Women,AlgoHack 1.0
geervaanchaturvedej@gmail.com,Geervaan Chaturved,Vidya Jyothi Institute of Technology,AlgoHack 1.0
sidharthkarambur@gmail.com,Sidharth karambur,Vidya Jyothi Institute of Technology,AlgoHack 1.0
oggushashikanth01@gmail.com,Shashikanth,Vidya Jyothi Institute of Technology,AlgoHack 1.0
yashaswininoole@gmail.com,Yashaswini,BVRIT Hyderabad College of Engineering for Women,AlgoHack 1.0
karnekotaspandana2007@gmail.com,Spandana Karnekota,NMIMS UNIVERSITY,AlgoHack 1.0
bhavyasreegubba06@gmail.com,Bhavya sree,NMIMS UNIVERSITY,AlgoHack 1.0
aediraasmitha@gmail.com,Asmith,NMIMS UNIVERSITY,AlgoHack 1.0
bsrakshin@gmail.com,Srakshin Chityala,Gokaraju Rangaraju Institute of Engineering & Technology,AlgoHack 1.0
mannenani3773@gmail.com,Rithvikesh Manne,Gokaraju Rangaraju Institute of Engineering & Technology,AlgoHack 1.0
manasadekonda17@gmail.com,Manasa Dekonda,Gokaraju Rangaraju Institute of Engineering & Technology,AlgoHack 1.0
mesurya.builds@gmail.com,Surya,Kommuri Pratap Reddy Institute of Technology,AlgoHack 1.0
bhuvaneshwaripothiraju2005@gmail.com,P. Charmi Reddy,Kommuri Pratap Reddy Institute of Technology,AlgoHack 1.0
bhuvaneshwaripothuraju2005@gmail.com,P. Bhuvaneshwari,Kommuri Pratap Reddy Institute of Technology,AlgoHack 1.0
24070721032@sithyd.siu.edu.in,Raj Aryan,"Symbiosis Institute of Technology, Hyderabad",AlgoHack 1.0
smaran.anand@gmail.com,Smaran J,"Symbiosis Institute of Technology, Hyderabad",AlgoHack 1.0
pramitpanigrahi0@gmail.com,Pramit,"Symbiosis Institute of Technology, Hyderabad",AlgoHack 1.0
sahithikondaveeti3911@gmail.com,Sahithi Kondaveeti,Kommuri Prathap Reddy Institute of Technology,AlgoHack 1.0
meenakshipottu2007@gmail.com,Pottu Meenakshi,Kommuri Prathap Reddy Institute of Technology,AlgoHack 1.0
pavithrahutapriya02@gmail.com,Pavithra Palakodety,Kommuri Prathap Reddy Institute of Technology,AlgoHack 1.0
nihanthr206@gmail.com,K.Nihanth Reddy,St.Martin's Engineering College,AlgoHack 1.0
jashwanthreddy9392@gmail.com,Jashwanth Reddy,Kommuri Prathap Reddy Institute of Technology,AlgoHack 1.0
ramcharancholleti@gmail.com,Ch.Ram Charan Teja,Kommuri Prathap Reddy Institute of Technology,AlgoHack 1.0
u.rohithsai3@gmail.com,U. Rohith Sai,Kommuri Prathap Reddy Institute of Technology,AlgoHack 1.0
purnesh.gangula@gmail.com,G. Purnesh,Kommuri Prathap Reddy Institute of Technology,AlgoHack 1.0
shireeshamukka026@gmail.com,M Shireesha,VNR VJIET,AlgoHack 1.0
madhavibarmavath191@gmail.com,B.Madhavi,VNR VJIET,AlgoHack 1.0
bussasreeja1234@gmail.com,B.Sreeja,"BVRIT, Narsapur",AlgoHack 1.0
swethabasodi.28@gmail.com,B.Swetha,Sridevi Women's Engineering college,AlgoHack 1.0
23wh1a1295@bvrithyderabad.edu.in,G.Lochana,BVRIT Hyderabad College of Engineering for Women,AlgoHack 1.0
23wh1a12b4@bvrithyderabad.edu.in,Md.Sumayya,BVRIT Hyderabad College of Engineering for Women,AlgoHack 1.0
23wh1a12c5@bvrithyderabad.edu.in,V.Varshitha,BVRIT Hyderabad College of Engineering for Women,AlgoHack 1.0
chathuryapandiri@gmail.com,Chathurya.P,Vidya Jyothi Institute Of Technology,AlgoHack 1.0
nithinworks57@gmail.com,A.Nithin,Vidya Jyothi Institute Of Technology,AlgoHack 1.0
karanvjit30@gmail.com,Karan,Vidya Jyothi Institute Of Technology,AlgoHack 1.0
jeevan.charu06@gmail.com,Jeevan,Vidya Jyothi Institute Of Technology,AlgoHack 1.0
chintamahathi09@gmail.com,Mahathi Chinta,Vidya Jyothi Institute Of Technology,AlgoHack 1.0
mrbuck0581@gmail.com,Musaddiq,Lords Institute Of Engineering And Technology,AlgoHack 1.0
ibrahimfazilmohammed76@gmail.com,Fazil,Lords Institute Of Engineering And Technology,AlgoHack 1.0
abdulaziz.gr72605@gmail.com,Aziz,Lords Institute Of Engineering And Technology,AlgoHack 1.0
muaazali542@gmail.com,Maaz Ali,Lords Institute Of Engineering And Technology,AlgoHack 1.0
mirza.jassimbaig@gmail.com,Jassim,Lords Institute Of Engineering And Technology,AlgoHack 1.0
redfrost0113@gmail.com,Sulayman,Lords Institute Of Engineering And Technology,AlgoHack 1.0
engantikarthik@gmail.com,E Karthik,JNTUH College Of Engineering Sulthanpur,AlgoHack 1.0
yekkalashatakanthiveer@gmail.com,Y Shata Kanthi,JNTUH College Of Engineering Sulthanpur,AlgoHack 1.0
rohithavaddireddy@gmail.com,V Rohitha,JNTUH College Of Engineering Sulthanpur,AlgoHack 1.0
25955a6610@gmail.com,B Lokesh,Institute Of Aeronautical Engineering,AlgoHack 1.0
mbheemsagar@gmail.com,Mothugari Bheem Sagar,Institute Of Aeronautical Engineering,AlgoHack 1.0
gummulanehal@gmail.com,Gummula Nehal,Institute Of Aeronautical Engineering,AlgoHack 1.0
premkumarkuppili18@gmail.com,Prem Kumar Kuppili,Kommuri Prathap Reddy Institute of Technology,AlgoHack 1.0
vaishnavipadala13@gmail.com,Vaishnavi Padala,Sridevi Women's Engineering College,AlgoHack 1.0
